{
  "year": "1018",
  "Spain": [
    "Sancho the Great annexed half of the county of Ribagorza."
  ],
  "Russia": [
    "<i>Polish Expedition to Kiev</i>: Sviatopolk led the Polish army into Rus'. Red Ruthenia returned to Polish possession.",
    "<i>Polish Expedition to Kiev</i>: The Polish army captured Kiev; Yaroslav fled to Novgorod."
  ],
  "Poland": [
    "Signing of the Peace of Bautzen (Budziszyn) with the Holy Roman Emperor",
    "Boles&#x142;aw I's intervention in the Kievan succession crisis"
  ],
  "China": [
    "<i>Third conflict in the Goryeo&#x2013;Khitan War</i>: Liao invaded Goryeo."
  ]
}