{
  "year": "1025",
  "Spain": [
    "Raymond III of Pallars Juss&#xE0;, count of Pallars Juss&#xE0; and the rump Ribagorza, pledged submission to Sancho the Great as his vassal."
  ],
  "Singapore": [
    "The region was invaded and occupied by Rajendra Chola of the Chola empire in India, although there has been no record of them visiting the island itself."
  ],
  "Poland": [
    "Coronation of Boles&#x142;aw I Chrobry",
    "Death of Boles&#x142;aw I Chrobry the Brave",
    "Coronation of Mieszko II Lambert"
  ],
  "Indonesia": [
    "Rajendra Chola, the Chola king from Cholamandala in South India, conquered Pannai and Kadaram from Srivijaya and occupied it for some time. The Cholas continued a series of raids and conquests of parts Srivijayan empire in Sumatra and Malay Peninsula."
  ],
  "India": [
    "Last invasion of Mahmud Ghazni, sacked and destroyed temple of Somnath"
  ]
}