{
  "year": "1068",
  "Spain": [
    "Alfonso the Brave invaded the <i>taifa</i> of Badajoz.",
    "<i>Battle of Llantada</i>: Sancho the Strong defeated Alfonso the Brave at Llantadilla, in the <i>taifa</i> of Badajoz near modern Melgar de Fernamental."
  ],
  "Russia": [
    "Iziaslav was overthrown in a popular uprising and forced to flee to Poland."
  ],
  "Japan": [
    "The dominance of Fujiwara clan ends with the ascension of Emperor Go-Sanj&#x14D; to the throne"
  ],
  "China": [
    "The dry dock was first used in China."
  ]
}