{
  "year": "1071",
  "Spain": [
    "Sancho the Strong and Alfonso the Brave invaded Galicia from the north and south, respectively, partitioning the kingdom and forcing Garc&#xED;a II into exile in Seville."
  ],
  "Burma": [
    "Anawrahta helps restart Theravada Buddhism in Ceylon"
  ],
  "Belgium": [
    "Battle of Cassel between Robert the Frisian and his nephew, Arnulf III, Count of Flanders. Arnulf was killed in the battle and Robert succeeded him as Count of Flanders."
  ],
  "Armenia": [
    "After the Battle of Manzikert, Seljuk dominance is established over Anatolia and a large number of Turkish tribes migrate to the region."
  ]
}