{
  "year": "1072",
  "Vietnam": [
    "L&#xFD; Th&#xE1;nh T&#xF4;ng died. He was succeeded as emperor by his young son L&#xFD; Nh&#xE2;n T&#xF4;ng, with the latter's mother &#x1EF6; Lan and the chancellor L&#xFD; &#x110;&#x1EA1;o Th&#xE0;nh acting as regents."
  ],
  "Spain": [
    "<i>Battle of Golpejera</i>: Sancho the Strong defeated and captured Alfonso the Brave near Carri&#xF3;n de los Condes. The latter was released and sent into exile in Toledo.",
    "Sancho the Strong was crowned king of Le&#xF3;n.",
    "Sancho the Strong was betrayed and murdered by a Zamoran noble during his assault on Zamora, Spain.",
    "Alfonso the Brave succeeded his brother Sancho the Strong as king of Le&#xF3;n and Castile."
  ],
  "Germany": [
    "Agnes of Germany was born."
  ],
  "China": [
    "Guo Xi painted <i>Early Spring</i>."
  ],
  "Armenia": [
    "The Seljuks sell Ani to the Shaddadid, a Kurdish tribe ruling a territory coinciding with modern-day Armenia."
  ]
}