{
  "year": "1095",
  "Spain": [
    "The pope Pope Urban II issued a bull forbidding the excommunication of Peter I or his queen Agnes of Aquitaine, Queen of Aragon and Navarre without his express authorization."
  ],
  "Germany": [
    "<i>First Crusade</i>: Pope Urban II called on all Catholics to assist the Byzantine Emperor Alexios I Komnenos in repelling the invading Seljuk Empire."
  ],
  "Bangladesh": [
    "Hemanta Sen declares himself king of Bengal founding the Sena dynasty.",
    "Rule of Sena Dynasty in Bengal. (to 1204)"
  ],
  "Armenia": [
    "The First Crusade is launched by Pope Urban I."
  ]
}