{
  "year": "1100",
  "USA": [
    "The Oraibi village was founded in Arizona."
  ],
  "Tonga": [
    "The Empire expanded under <i>Tu&#x2BB;i Tonga</i> Momo to include Samoa and parts of Fiji."
  ],
  "Sweden": [
    "Vreta Abbey, the first Christian convent in Sweden, is established."
  ],
  "Serbia": [
    "Byzantine rule is imposed upon Ra&#x161;ka; Serbia becomes a <i>thema</i> (region) directly subjugated to Constantinople. Constantine Diogenes (a Greek) is mentioned as the <i>strategos</i> of Serbia. The rise of the Vojislavljevi&#x107; dynasty in Duklja. Littoral Serbia remains independent and wages wars against the Byzantines and eventually succeeds in freeing the Serb lands.",
    "The East-West Schism splits Christianity in 1054. vast majority of Serbs opt for Orthodox Christianity due to deep Byzantine influences, but many in the coastal lands embrace Catholicism influenced by Venice. The <i>Archbishopric of Bar</i> is established by the Vatican in 1089."
  ],
  "Nepal": [
    "Malla kings rule in western Nepal (to 1484)"
  ],
  "China": [
    "Zhezong died. He was succeeded by his younger brother Emperor Huizong of Song."
  ],
  "Belgium": [
    "Death of Godfrey of Bouillon"
  ]
}