{
  "year": "1111",
  "Spain": [
    "<i>Battle of Candespina</i>: Alfonso the Battler, joined by Henry, Count of Portugal, the count of Portugal, defeated forces loyal to the former's wife Urraca the Restless at Fresno de Cantespino.",
    "<i>Battle of Viadangos</i>: The noble Pedro Fr&#xF3;ilaz de Traba and Diego Gelm&#xED;rez, archbishop of the Roman Catholic Archdiocese of Santiago de Compostela, marching in support of Urraca the Restless, were routed at Villadangos del P&#xE1;ramo by a superior force led by Alfonso the Battler."
  ],
  "Latvia": [
    "Prince of Novgorod Mstislav Vladimirovich invaded eastern part of T&#x101;lava (Adzele) and Ugandi."
  ],
  "China": [
    "The Donglin Academy was founded."
  ],
  "Belgium": [
    "Death of Robert II, Count of Flanders; succession of Baldwin VII, Count of Flanders"
  ]
}