{
  "year": "1122",
  "Spain": [
    "Alfonso the Battler established the Confraternity of Belchite, a military order at Belchite devoted to war with Muslims."
  ],
  "Slovenia": [
    "The first mention of Celje in the early Middle Ages under the name of <i>Cylie</i> in Admont's Chronicle. (to 1137)"
  ],
  "Malta": [
    "Arab uprising against the Normans in Malta."
  ],
  "Germany": [
    "<i>Investiture Controversy</i>: Pope Callixtus II and Holy Roman Emperor Henry V signed the Concordat of Worms, under which it was agreed that Holy Roman Emperors had the right to grant bishops secular authority but not religious authority."
  ]
}