{
  "year": "1150",
  "Russia": [
    "With assistance of chorniye klobuky Iziaslav kicked away Yuri from Kiev. After some time, with help of Volodimirko of Galych, Yuri took Kiev again."
  ],
  "Philippine": [
    "Gat Timamanukum become the Lakan of the Tondo Dynasty.",
    "At the time, the trade in large native Ruson-tsukuri (literally Luzon made in Japanese: &#x5442;&#x5B8B;&#x88FD; or &#x5442;&#x5B8B;&#x3064;&#x304F;&#x308A;) clay jars used for storing green tea and rice wine with Japan flourished in the 12th century, and local Tagalog, Kapampangan and Pangasinense potters had marked each jar with Baybayin letters denoting the particular urn used and the kiln the jars were manufactured in."
  ],
  "China": [
    "Xizong was murdered in a <i>coup</i> by Wanyan Liang, who succeeded him as emperor of Jin."
  ],
  "Cambodia": [
    "Suryavarman II died, possibly in a military campaign against the Cham of Central Vietnam. Dharanindravarman II succeeded him."
  ]
}