{
  "year": "1170",
  "Taiwan": [
    "The Song dynasty stations officers at the Penghu Islands"
  ],
  "Italy": [
    "Leonardo of Pisa, an Italian mathematician more famously known as Fibonacci, is born."
  ],
  "Germany": [
    "Walther von der Vogelweide was born."
  ],
  "Estonia": [
    "Valdemar I of Denmark fights with Curonian and Estonian pirates near &#xD6;land island."
  ],
  "England": [
    "Archbishop of Canterbury Thomas Becket was assassinated."
  ],
  "Burma": [
    "Affirmation of Burman leadership of Pagan: Burmese script becomes the primary script, replacing Mon and Pyu scripts"
  ]
}