{
  "year": "1180",
  "Tanzania": [
    "The Kilwa Sultanate, under Suleiman Hassan (c. 1178&#x2013;1195), conquers the rival nation of Sofala."
  ],
  "Latvia": [
    "Prince Mstislav Rostislavich led the Novgorodians against the Letts of T&#x101;lava."
  ],
  "Japan": [
    "Genpei War starts. As result, the Imperial capital is briefly moved to Fukuhara-ky&#x14D; (modern Kobe)"
  ],
  "France": [
    "Louis VII died. He was succeeded by his son Philip II."
  ],
  "Burma": [
    "Ceylonese raids to Bassein (Pathein)",
    "Schism develops in Burmese Buddhism; majority of monks shift to Mahavihara school"
  ],
  "Bhutan": [
    "Tibetan lama Tsangpa Gyare (1161&#x2013;1211) founds Ralung Monastery for the Drukpa Lineage of the Kagyu school, named after the thunder dragons (<i>druk</i>) he witnessed on his quest for an appropriate foundation site. With the proliferation of the Drukpa, the druk become synonymous with Bhutan and later its central national symbol."
  ]
}