{
  "year": "1187",
  "Sweden": [
    "Estonians, Curonians or/and Karelians invade and pillage Sigtuna and kill archbishop Johannes.",
    "The city of Nyk&#xF6;ping is founded."
  ],
  "Lebanon": [
    "Saladin conquers virtually all of the Kingdom of Jerusalem with the exception of Tyre, which held out under Conrad of Montferrat."
  ],
  "Estonia": [
    "Estonians, Karelians or/and Karelians ravage the M&#xE4;laren area in Sweden, pillage town of Sigtuna, and kill the archbishop Johannes."
  ],
  "Armenia": [
    "Debut of Leon II's reign as prince."
  ]
}