{
  "year": "1192",
  "Lebanon": [
    "Richard the Lionheart signed a treaty with Saladin, restoring the Kingdom of Jerusalem to a coastal strip between Jaffa and Beirut."
  ],
  "India": [
    "\"Victory of Muhammed Ghori\". Second battle of Tarain fought between Ghori and Prithivi Raj Chauhan III. Prithvi Raj Chauhan III is defeated by Mohammed Ghori."
  ],
  "Estonia": [
    "Prince Yaroslav Vladimirovich of Novgorod makes two raids against Estonians, burning down the Tartu and Otep&#xE4;&#xE4; strongholds."
  ],
  "England": [
    "<i>Crusades</i>: King Richard I was captured by Austrian Duke Leopold V, Duke of Austria while returning from the Holy Land."
  ],
  "Cyprus": [
    "Isaak Comnenus ended his reign.",
    "Richard I of England captured Cyprus on his way to Acre. The island was sold to the Templar Order, who in turn sold it to Guy of Lusignan.",
    "Guy of Lusignan and his descendants began to rule Cyprus as an independent kingdom."
  ],
  "Belgium": [
    "Murder of Albert of Louvain, Bishop of Li&#xE8;ge, by supporters of Emperor Henry VI"
  ]
}