{
  "year": "1202",
  "Poland": [
    "Death of Mieszko III the Old, High Duke of Poland"
  ],
  "Latvia": [
    "The Livonian Brothers of the Sword was founded by Bishop Albert."
  ],
  "Italy": [
    "Fibonacci's <i>Liber Abaci</i>, a book on arithmetic, helps to popularise the Hindu&#x2013;Arabic numeral system and brings the idea of the integer sequence known as the Fibonacci number to locations outside India."
  ],
  "Estonia": [
    "The crusader Livonian Brothers of the Sword are founded."
  ]
}