{
  "year": "1213",
  "Spain": [
    "<i>Battle of Muret</i>: Peter the Catholic was killed in battle at Muret in an attempt to reinstall his vassal Raymond VI, Count of Toulouse, count of County of Toulouse. His army was routed. Peter the Catholic was succeeded by his young son James I the Conqueror of Aragon."
  ],
  "Estonia": [
    "Lithuanians raid the Sakala area."
  ],
  "China": [
    "Wanyan Yongji was assassinated.",
    "Emperor Xuanzong of Jin became emperor of the Jin dynasty."
  ],
  "Belgium": [
    "Battle of Damme: English fleet destroys French fleet at anchor near Damme.",
    "Battle of Steppes: army and allies of Hugh Pierrepont, Bishop of Li&#xE8;ge, defeat the forces of Henry I, Duke of Brabant."
  ]
}