{
  "year": "1214",
  "Spain": [
    "Alfonso the Noble died. He was succeeded by his young son Henry I of Castile, whose elder sister Berengaria of Castile ruled as regent."
  ],
  "Germany": [
    "<i>Battle of Bouvines</i>: The combined forces of Flanders, England, Boulogne and the Holy Roman Empire were dealt a decisive defeat by the French at Bouvines."
  ],
  "France": [
    "<i>Battle of Bouvines</i>: The French army defeated a combined English-Flemish force, enabling the kingdom to consolidate its control over Anjou, Brittany, Maine, Normandy and the Touraine."
  ],
  "China": [
    "The Jin dynasty signed a treaty under which it became a vassal state paying tribute to the Mongol Empire."
  ],
  "Belgium": [
    "Battle of Bouvines: decisive French victory against the forces of Ferdinand, Count of Flanders, Henry I, Duke of Brabant, and Otto IV, Holy Roman Emperor. Count of Flanders carried captive to Paris."
  ]
}