{
  "year": "1217",
  "Spain": [
    "Henry I was killed by a tile falling off a roof. Berengaria succeeded him as queen regnant of Castile.",
    "Berengaria resigned in favor of her son Ferdinand III the Saint of Castile."
  ],
  "Serbia": [
    "Stefan the First-Crowned is crowned the <i>King of the Serbs</i> by Pope Honorius III establishing the <b>Second Serbian Realm</b>. The full title of his dominions was <i>King of the land of Rascia, Dioclea, Travunia, Dalmatia and Zachlumia</i>. Catholicism expands within the Realm.",
    "King Stefan the First-Crowned's brother, Prince Rastko Nemanji&#x107; (Saint Sava), establishes an autocephalous Serbian Orthodox Church with the support of the Patriarch of Constantinople putting an end to religious divisions among Serbs. Stefan Nemanja becomes another patron saint of the Serbian Orthodox Church and is known as Saint Simeon."
  ],
  "Latvia": [
    "The Brothers of the Sword and their Livonian and Latgalian allies defeated the Estonians at Viljandi."
  ],
  "Estonia": [
    "Sword Brothers are defeated by Estonians and Russians in the Battle of Otep&#xE4;&#xE4;.",
    "Sword Brothers, Latgalians and Livs defeat Estonians in the Battle of St. Matthew's Day, where the Estonian leader Lembitu of Lehola is killed."
  ],
  "China": [
    "<i>Jin&#x2013;Song Wars</i>: A Song army captured the Jin city of Xihezhou in modern Xihe County."
  ]
}