{
  "year": "1224",
  "Spain": [
    "The Almohad caliph Yusuf II, Almohad caliph was gored to death while playing with his pet cows, leaving no heir.",
    "The Almohad governor of Andalusia took the majority of his forces across the Strait of Gibraltar to contest the succession to the caliphate.",
    "An Abdallah al-Bayyasi established the Taifa of Baeza with himself at its head and appealed to Ferdinand the Saint to help him conquer Andalusia."
  ],
  "Malta": [
    "Expulsion of all Muslims from Malta and Sicily."
  ],
  "Estonia": [
    "Sword Brothers capture the Tartu stronghold from joint Estonian and Russian troops - mainland Estonia falls to the crusaders.",
    "The Bishopric of Dorpat is established in Southeastern Estonia."
  ],
  "China": [
    "Xuanzong died.",
    "Xuanzong's son Emperor Aizong of Jin became emperor of the Jin dynasty.",
    "Ningzong died. He was succeeded by Emperor Lizong."
  ],
  "Belgium": [
    "Guy of Saint-Pol and his brother, Hugo of Saint-Pol, stand surety for a loan of 3693 pounds borrowed from citizens of Arras by Daniel, Lord of B&#xE9;thune: an early example of the use of French rather than Latin in legal documents."
  ]
}