{
  "year": "1227",
  "Russia": [
    "Boyar intrigues forced Mstislav, the prince of Novgorod, to give the throne to his son-in-law Andrew II of Hungary."
  ],
  "Poland": [
    "Assassination of Leszek I the White"
  ],
  "Estonia": [
    "Sword Brothers conquer Northern Estonia from Denmark."
  ],
  "China": [
    "The Mongol <i>khagan</i> Genghis Khan died.",
    "Mozhu surrendered to the Mongol Empire during the siege of the Western Xia capital Zhongxing."
  ],
  "Bangladesh": [
    "Rule of the Mameluk Sultans of Delhi. (to 1281)"
  ]
}