{
  "year": "1236",
  "Spain": [
    "<i>Siege of C&#xF3;rdoba (1236)</i>: Ferdinand the Saint arrived in C&#xF3;rdoba, Spain following its fall at the hands of local knights and internal fifth columnists."
  ],
  "Russia": [
    "Alexander Nevsky was summoned by the Novgorodians to become Grand Prince of Novgorod and, as their military leader, to defend their northwest lands from Swedish and German invaders."
  ],
  "Latvia": [
    "<i>Battle of Saule</i>: The Brothers of the Sword were defeated in Lithuania by the combined forces of the Lithuanians and Semigallians."
  ],
  "India": [
    "Rule of Razia Sultana &#x2013; Daughter of Iltutmish."
  ],
  "Estonia": [
    "Sword Brothers are defeated by Samogitians in the Battle of Saule. Saaremaa islanders rebel against German rule."
  ],
  "Belgium": [
    "Statutes of the Ghent Leper Hospital translated from Latin: the earliest known example of a legal document entirely in Dutch."
  ]
}