{
  "year": "1237",
  "Spain": [
    "<i>Battle of the Puig</i>: The Valencian king Zayyan ibn Mardanish met an Aragonese invasion force at El Puig, where he was decisively defeated."
  ],
  "Russia": [
    "<i>Mongol invasion of Rus</i>: Batu Khan set fire to Moscow and slaughtered and enslaved its civilian inhabitants."
  ],
  "Estonia": [
    "Livonian Brothers of the Sword merge into the Teutonic Order and become known as the Livonian Order, autonomous of the Teutonic Order State."
  ],
  "England": [
    "The Treaty of York was signed, fixing the border between Scotland and England."
  ],
  "Belgium": [
    "Charters of the city of Ghent translated into Dutch."
  ]
}