{
  "year": "1238",
  "Spain": [
    "Ferdinand the Saint conquered Huelva and obtained the vassalage of Niebla, Andalusia.",
    "James the Conqueror captured Valencia and created himself king of the Kingdom of Valencia."
  ],
  "Poland": [
    "Death of Henry I the Bearded"
  ],
  "India": [
    "Sri Madhwacharya born in Pajaka near Udupi, Karnataka"
  ],
  "Iceland": [
    "The Battle of &#xD6;rlygssta&#xF0;ir takes place. Sturla Sighvatsson and Sighvatr Sturluson are killed."
  ],
  "Estonia": [
    "The Livonian Order helps restore the power of the Bishop of &#xD6;sel Wiek in Kullamaa Parish."
  ],
  "Cambodia": [
    "Two Thai chieftains in the city of Sukhothai declared the establishment of the Sukhothai Kingdom and its independence from Angkorian dominion."
  ],
  "Belgium": [
    "Benedictine priory at Vorst, a dependency of Affligem Abbey, becomes the independent Forest Abbey."
  ]
}