{
  "year": "1240",
  "Sweden": [
    "The Battle of the Neva takes place."
  ],
  "Spain": [
    "Ferdinand the Saint conquered &#xC9;cija and Lucena, C&#xF3;rdoba."
  ],
  "Russia": [
    "<i>Battle of the Neva</i>: The Novgorodian army defeated a Swedish invasion force at the confluence of the Izhora and Neva Rivers."
  ],
  "Philippine": [
    "Tuan Masha'ika, an Arab, travels and introduces Islam to Sulu."
  ],
  "Malta": [
    "Stationing of a Norman and Sicilian (Swabian) Garrison on Malta in 1240 "
  ],
  "India": [
    "Murder of Razia Sultan by Turkish nobles.(Chalisa)"
  ]
}