{
  "year": "1260",
  "Syria": [
    "Hulagu Khan, grandson of Genghis, conquered Damascus."
  ],
  "Peru": [
    "Sinchi Roca was succeeded by his son Lloque Yupanqui."
  ],
  "Lebanon": [
    "The county of Tripoli becomes a vassal state of the Mongol Empire."
  ],
  "China": [
    "<i>Toluid Civil War</i>: M&#xF6;ngke's brother Ariq B&#xF6;ke declared himself <i>khagan</i> of the Mongol Empire.",
    "<i>Toluid Civil War</i>: Kublai Khan, brother to M&#xF6;ngke and to Ariq B&#xF6;ke, was crowned <i>khagan</i> of the Mongol Empire.",
    "Kublai appointed the Sakya <i>lama</i> Drog&#xF6;n Ch&#xF6;gyal Phagpa Imperial Preceptor."
  ]
}