{
  "year": "1267",
  "Spain": [
    "Alfonso the Wise and Afonso III signed the Treaty of Badajoz, a pact of friendship and mutual assistance. The treaty established the border between Castile and Portugal to the latter's disadvantage."
  ],
  "India": [
    "The Mahanubhava philosophy established by Chakradhar Swami."
  ],
  "England": [
    "Henry recognised the authority of Llywelyn ap Gruffudd in Gwynedd."
  ],
  "China": [
    "<i>Battle of Xiangyang</i>: Kublai ordered his general Aju to take Xiangyang."
  ]
}