{
  "year": "1270",
  "France": [
    "Louis IX died. He was succeeded by his son Philip III."
  ],
  "Estonia": [
    "Lithuanians defeat the Livonian Order in the Battle of Karuse."
  ],
  "China": [
    "<i>Sambyeolcho Rebellion</i>: The Sambyeolcho rebelled against Wonjong of Goryeo, the Mongol-allied king of Goryeo."
  ],
  "Belgium": [
    "Margaret of Constantinople, Countess of Flanders, impounds wares of English merchants in Flanders in retaliation for their king's non-payment of a money fief, sparking a trade war between Flanders and England."
  ]
}