{
  "year": "1274",
  "Slovenia": [
    "Bohemian king Ottokar II. (reigned as a king 1253&#x2013;1278) a candidate for the German throne refuses to appear or to restore the provinces of Austria, Styria, Carinthia and Carniola, which he has seized."
  ],
  "Japan": [
    "1st Mongol invasion in Japan repulsed in Battle of Bun'ei"
  ],
  "China": [
    "Duzong died. He was succeeded by his young son Emperor Gong of Song.",
    "<i>Mongol invasions of Japan</i>: A Yuan fleet landed at Tsushima Island."
  ],
  "Belgium": [
    "Treaty of Montreuil-sur-Mer between Edward I of England and Guy, Count of Flanders, ending four years of economic warfare and providing for free movement of merchants between their territories."
  ]
}