{
  "year": "1279",
  "Spain": [
    "<i>Siege of Algeciras (1278&#x2013;79)</i>: A Marinid force destroyed the Castilian navy in port in the Bay of Gibraltar and captured and executed the soldiers besieging the city."
  ],
  "Poland": [
    "Death of Boles&#x142;aw V the Chaste"
  ],
  "England": [
    "The Statute of Mortmain was issued."
  ],
  "China": [
    "<i>Battle of Yamen</i>: A Yuan fleet destroyed a vastly superior Song force near Yamen. The Song chancellor Lu Xiufu drowned himself with Bing."
  ],
  "Burma": [
    "Thawun Gyi and Thawun Nge found Toungoo (Taungoo) as a frontier outpost"
  ]
}