{
  "year": "1287",
  "Vietnam": [
    "<i>Mongol invasions of Vietnam</i>: The Mongol navy was destroyed, forcing the army, left without provisions, to begin its retreat from &#x110;&#x1EA1;i Vi&#x1EC7;t."
  ],
  "England": [
    "Rhys ap Maredudd led a revolt against English rule in Wales."
  ],
  "China": [
    "The Zhongdu-born Rabban Bar Sauma left for Europe as an ambassador of Arghun, the <i>khan</i> of the Ilkhanate.",
    "<i>Battle of Pagan</i>: Yuan forces captured the Pagan capital Bagan."
  ],
  "Burma": [
    "The Pagan Empire acknowledges suzerainty of the Mongol Empire",
    "Wareru declares independence and founds Kingdom of Ramanya",
    "King Narathihapate is assassinated"
  ]
}