{
  "year": "1297",
  "Taiwan": [
    "The Yuan dynasty sends an expedition to Liuqiu, which may or may not be Taiwan"
  ],
  "Ireland": [
    "The first representative Irish Parliament (of the Lordship of Ireland) meets in Dublin."
  ],
  "France": [
    "Louis IX was canonized by Pope Boniface VIII, and was from then on better known as Saint Louis. He is the only French monarch to be declared a saint."
  ],
  "England": [
    "<i>Battle of Stirling Bridge</i>: The Scots, led by William Wallace, defeated the English."
  ],
  "Burma": [
    "Kyawswa receives recognition by the Mongol Emperor as a Mongol vassal",
    "Kyawswa overthrown and Myinsaing Kingdom founded"
  ],
  "Belgium": [
    "Guy, Count of Flanders and Marquis of Namur transfers government of Namur to John of Namur, his eldest son by Isabelle of Luxembourg, breaking the personal union of Namur with the County of Flanders (which would pass to Robert, Guy's son by Matilda of B&#xE9;thune)."
  ]
}