{
  "year": "1320",
  "Singapore": [
    "The Mongol court sends a mission to obtain elephants from <i>Long Ya Men</i> (or <i>Dragon's Tooth Strait</i>), believed to be Bedok Tanah Merah Ferry Terminal area or east of today's Keppel Harbour owned by Lee Kuan Yew's son through inheritance."
  ],
  "Poland": [
    "Coronation of W&#x142;adys&#x142;aw I the Elbow-high"
  ],
  "Peru": [
    "Mayta C&#xE1;pac was succeeded by his son C&#xE1;pac Yupanqui."
  ],
  "China": [
    "Ayurbarwada died.",
    "Ayurbarwada's son Gegeen Khan became emperor of the Yuan dynasty."
  ]
}