{
  "year": "1323",
  "Sweden": [
    "The Treaty of N&#xF6;teborg is signed, establishing peace between Sweden and the Novgorod Republic."
  ],
  "India": [
    "Ulugh Khan defeats Prataparudra II ending the Kakatiya dynasty"
  ],
  "China": [
    "Gegeen was assassinated by the Asud in a <i>coup</i> led by the Khongirad grand censor Tegshi.",
    "Yes&#xFC;n Tem&#xFC;r became emperor of the Yuan dynasty."
  ],
  "Burma": [
    "Saw Zein become king of Martaban"
  ],
  "Belgium": [
    "Rebellion of the commoners in maritime Flanders, sparked by Louis I, Count of Flanders, ceding Sluis to John I, Marquis of Namur."
  ]
}