{
  "year": "1328",
  "Russia": [
    "Ivan led a Horde army against the Grand Prince of Tver, also the Grand Prince of Vladimir. Ivan was allowed to replace him in the latter office."
  ],
  "Indonesia": [
    "Tribhuwana Wijayatunggadewi succeeds Jayanegara as ruler of Majapahit."
  ],
  "France": [
    "Charles IV died. He was succeeded by his cousin Philip VI."
  ],
  "England": [
    "The Treaty of Edinburgh-Northampton, under which England recognised Scottish independence, was signed."
  ],
  "China": [
    "Yes&#xFC;n Tem&#xFC;r died.",
    "Yes&#xFC;n Tem&#xFC;r's son Ragibagh Khan was appointed emperor of the Yuan dynasty in Shangdu.",
    "The Yuan general El Tem&#xFC;r crowned Jayaatu Khan Tugh Tem&#xFC;r emperor in Khanbaliq.",
    "Forces loyal to El Tem&#xFC;r captured Shangdu and may have executed Ragibagh."
  ],
  "Belgium": [
    "Battle of Cassel: Philip VI of France defeats Flemish rebels led by Nicolaas Zannekin."
  ],
  "Bangladesh": [
    "Ghiyasuddin Bahadur Shah, the last ruler of the dynasty is defeated and killed by the army of the Delhi Sultanate."
  ]
}