{
  "year": "1350",
  "Sweden": [
    "The Black Death arrives in Sweden."
  ],
  "Peru": [
    "C&#xE1;pac Yupanqui was succeeded by his son Inca Roca."
  ],
  "Malta": [
    "Grant in fief of lands 'Diar el Bniet' by Louis of Sicily (House of Aragon) to Francesco Gatto on 4 January 1350, by a privilegium given at Messina, the fief having reverted to the Crown after it had been held by Michele Bava.",
    "First Incorporation of the Maltese Islands into the Royal Domain (Kingdom of Sicily). (to 1357)"
  ],
  "Japan": [
    "Kann&#x14D; disturbance weakens Ashikaga shogunate. Wokou pirates from Japan are becoming rampant in region."
  ],
  "Indonesia": [
    "Hayam Wuruk, styled Sri Rajasanagara succeeds Tribhuwana Wijayatunggadewi as ruler of Majapahit; his reign is considered the empire's 'Golden Age'.<br>\nUnder its military commander Gajah Mada, Majapahit stretches over much of modern-day Indonesia."
  ],
  "France": [
    "Philip VI died. He was succeeded by his son John II."
  ],
  "Burma": [
    "Kyawswa II becomes king of Pinya"
  ]
}