{
  "year": "1370",
  "Poland": [
    "Death of Kazimierz III the Great",
    "Coronation of Louis of Hungary"
  ],
  "Japan": [
    "De facto independence of Kyushu"
  ],
  "India": [
    "Bukka, the Vijayanagara ruler and his son Kumara Kamapna capture the entire Tamil speaking parts."
  ],
  "Germany": [
    "The Treaty of Stralsund was signed, ending a war between Denmark and the Hanseatic League."
  ],
  "Burma": [
    "Shan state of Kale becomes tributary of Ava"
  ],
  "Belgium": [
    "Extirpation of small Jewish population of Brabant after accusations of profaning eucharistic hosts."
  ]
}