{
  "year": "1382",
  "Russia": [
    "The Mongol khan Tokhtamysh reasserted his power by looting and burning Moscow."
  ],
  "Poland": [
    "Death of Louis of Hungary"
  ],
  "Nepal": [
    "Jayasthitimalla rules as king of united Malla kingdom in Kathmandu Valley (to 1395)"
  ],
  "China": [
    "<i>Ming conquest of Yunnan</i>: Basalawarmi, the prince of Liang and a Yuan loyalist, committed suicide during a massive Ming invasion of Yunnan.",
    "The <i>Jinyiwei</i> was established and given supreme judicial authority and complete autonomy in making arrests and issuing punishments."
  ]
}