{
  "year": "1397",
  "Sweden": [
    "Sweden, Denmark and Norway unite into the Kalmar Union."
  ],
  "Malta": [
    "Second Incorporation of the Maltese Islands into the Royal Domain (Kingdom of Sicily). (to 1420)",
    "Establishment of the <i>Universit&#xE0;</i>, a form of local government, in Malta."
  ],
  "Iceland": [
    "The Kalmar Union is established.<br>\nThe kingdoms of Denmark, Norway, Sweden and their respective dependencies joined in a personal union."
  ],
  "China": [
    "A legal code based on the Tang Code was implemented in Ming."
  ]
}