{
  "year": "1398",
  "Sweden": [
    "Gotland is conquered by Teutonic Knights."
  ],
  "Ireland": [
    "Gerald FitzGerald, 3rd Earl of Desmond, mysteriously disappears; Gear&#xF3;id &#xCD;arla is forever afterwards judged to be sleeping in a cave under Lough Gur, waiting to gallop out on his silver-shod horse and rescue Ireland at the moment of greatest need."
  ],
  "India": [
    "Timur plunders Lahore"
  ],
  "China": [
    "The Hongwu Emperor died.",
    "The Hongwu Emperor's young grandson the Jianwen Emperor became emperor of the Ming dynasty."
  ]
}