{
  "year": "1414",
  "Slovenia": [
    "The Habsburg Duke Ernest the Iron (1377&#x2013;1424) thrones according to the ancient Karantanian ritual of installing dukes on the Duke's Stone and he addresses again as an archduke."
  ],
  "Singapore": [
    "Temasek becomes part of the Sultanate of Malacca established by Parameswara."
  ],
  "Poland": [
    "Hunger War"
  ],
  "India": [
    "Khizr Khan, deputized by Timur to be the governor of Multan takes over Delhi founding the Sayyid dynasty"
  ],
  "Germany": [
    "<i>Council of Constance</i>: An ecumenical council began which would condemn Jan Hus as a heretic, depose Antipopes John XXIII and Benedict XIII, and elect Pope Martin V."
  ]
}