{
  "year": "1415",
  "France": [
    "Battle of Agincourt: A major loss to the French in the Hundred Years' War (1415-1429)"
  ],
  "England": [
    "<i>Battle of Agincourt</i> was a major English victory in the Hundred Years' Warthat occurred on Saint Crispin's Day, near modern-day Azincourt, in northern France."
  ],
  "China": [
    "Restoration work on the Grand Canal was completed."
  ],
  "Burma": [
    "Minye Kyawswa killed in action"
  ],
  "Bangladesh": [
    "The Ganesha Dynasty usurps power. (to 1436)"
  ]
}