{
  "year": "1419",
  "Malta": [
    "The Militia List is drawn up, giving information about the population of Malta in the Middle Ages."
  ],
  "Japan": [
    "&#x14C;ei Invasion to Wokou bases on Tsushima Island"
  ],
  "France": [
    "John the Fearless was assassinated by companions of the <i>dauphin.</i> He was succeeded by his son Philip the Good, who would ally himself with the English against the French crown."
  ],
  "Estonia": [
    "The Livonian Diet is formed to solve internal disputes in Livonia."
  ]
}