{
  "year": "1473",
  "Slovenia": [
    "The city walls and a defensive moat are built in Celje."
  ],
  "Poland": [
    "Almanach cracoviense ad annum 1474 published"
  ],
  "China": [
    "The Zhenjue Temple was completed."
  ],
  "Belgium": [
    "Charles the Bold appointed mediator in the peace negotiations between Poland and Hungary.",
    "Charles the Bold overhauls the administrative structures of the Burgundian Netherlands: establishes Great Council of Mechelen; orders the chambers of accounts of Lille and Brussels be combined and sit in Mechelen."
  ]
}