{
  "year": "1478",
  "Spain": [
    "The Spanish Inquisition was founded."
  ],
  "Russia": [
    "The Novgorod Republic surrendered to the authority of Moscow."
  ],
  "Poland": [
    "War of the Priests begins"
  ],
  "Indonesia": [
    "Reign of Singhawikramawardhana ends."
  ],
  "Belgium": [
    "Birth of Philip the Fair"
  ],
  "Armenia": [
    "Armenian migration to Bruges, Belgium."
  ],
  "Albania": [
    "<i>Fourth Siege of Kruj&#xEB; (1478)</i>: Kruj&#xEB; fell to the Ottoman Empire, causing many Albanians to flee to southern Italy, Greece, Egypt, and elsewhere, and others to convert to Islam."
  ]
}