{
  "year": "1479",
  "Vietnam": [
    "The &#x110;&#x1EA1;i Vi&#x1EC7;t s&#x1EED; k&#xFD; to&#xE0;n th&#x1B0;, an official history of &#x110;&#x1EA1;i Vi&#x1EC7;t, was completed."
  ],
  "Spain": [
    "<i>War of the Castilian Succession</i>: The war ended.",
    "The reign of Ferdinand began.",
    "By the Treaty of Alc&#xE1;&#xE7;ovas, Portugal recognized Spanish control of the Canary Islands."
  ],
  "Poland": [
    "War of the Priests ends"
  ],
  "Belgium": [
    "Battle of Guinegate: forces of Mary of Burgundy and her husband Maximilian I of Habsburg defeat forces of Louis XI of France."
  ],
  "Albania": [
    "Shkod&#xEB;r fell to the Ottoman Empire."
  ]
}