{
  "year": "1480",
  "Russia": [
    "<i>Great stand on the Ugra river</i>: Ivan's forces deterred Akhmat Khan of the Great Horde from invading Muscovy."
  ],
  "Burma": [
    "Multiple rebellions by its vassals against Ava's rule. Prome, Yamethin and Mohnyin break away (to 1490)"
  ],
  "Belgium": [
    "Birth of Margaret of Burgundy"
  ],
  "Argentina": [
    "The Inca Empire, under the rule of emperor Pachacutec, launched an offensive and conquered present-day northwestern Argentina, integrating it into a region called Collasuyu"
  ]
}