{
  "year": "1485",
  "Russia": [
    "Ivan annexed the Grand Duchy of Tver."
  ],
  "India": [
    "Saluva Narasimha Deva Raya drives out Praudha Raya ending the Sangama Dynasty"
  ],
  "England": [
    "Battle of Bosworth Field (Battle of Bosworth): the last significant battle of the Wars of the Roses, the civil war between the Houses of Lancaster and York. Richard III, the last Plantagenet king was killed, succeeded by Henry VII."
  ],
  "Burma": [
    "Mingyi Nyo becomes ruler of Toungoo; stays loyal to Ava"
  ]
}