{
  "year": "1492",
  "USA": [
    "Christopher Columbus lands on Puerto Rico naming it San Juan Bautista in honor of Saint John the Baptist."
  ],
  "Spain": [
    "Spanish conquerors encountered America",
    "The <i>Reconquista</i> ended.",
    "Jews were expelled from Spain by the Alhambra Decree."
  ],
  "Poland": [
    "Death of Kazimierz IV Jagiellon",
    "Coronation of Jan I Olbracht"
  ],
  "Cuba": [
    "Christopher Columbus arrives in Cuba and claims the island for Spain."
  ],
  "Colombia": [
    "Inca Empire invades southwest Colombia"
  ]
}