{
  "year": "1497",
  "Vietnam": [
    "L&#xEA; Th&#xE1;nh T&#xF4;ng died."
  ],
  "Sweden": [
    "The Russo-Swedish War ends."
  ],
  "Russia": [
    "Ivan issued a legal code, the <i>Sudebnik</i>, which standardized the Muscovite law, expanded the role of the criminal justice system, and limited the ability of the serfs to leave their masters."
  ],
  "Ireland": [
    "The Annals of the Four Masters refers to a famine which \"prevailed through all Ireland\"."
  ],
  "Canada": [
    "Navigator John Cabot claims Newfoundland for England."
  ]
}